{
  "version": 1,
  "author": "Anonymous maker",
  "editor": "wokwi",
  "parts": [
    { "type": "wokwi-breadboard", "id": "bb1", "top": 73.8, "left": -74, "attrs": {} },
    { "type": "wokwi-arduino-mega", "id": "mega", "top": -170.98, "left": 14.17, "attrs": {} },
    {
      "type": "wokwi-resistor",
      "id": "r1",
      "top": 147.95,
      "left": 105.6,
      "attrs": { "value": "200" }
    },
    {
      "type": "wokwi-led",
      "id": "led1",
      "top": 102,
      "left": 148.2,
      "attrs": { "color": "red", "flip": "1" }
    },
    {
      "type": "wokwi-pushbutton",
      "id": "btn1",
      "top": 153.5,
      "left": 262.7,
      "rotate": 90,
      "attrs": { "color": "grey" }
    }
  ],
  "connections": [
    [ "mega:4", "bb1:17t.c", "blue", [ "v-42.28", "h-231.17" ] ],
    [ "r1:1", "bb1:17t.d", "", [ "$bb" ] ],
    [ "r1:2", "bb1:23t.d", "", [ "$bb" ] ],
    [ "led1:A", "bb1:23t.c", "", [ "$bb" ] ],
    [ "led1:C", "bb1:24t.c", "", [ "$bb" ] ],
    [ "bb1:36b.i", "mega:GND.3", "black", [ "v85.27", "h-81.87" ] ],
    [ "bb1:24t.d", "bb1:38b.i", "green", [ "v162.88", "h134.36" ] ],
    [ "btn1:1.l", "bb1:38t.c", "", [ "$bb" ] ],
    [ "btn1:2.l", "bb1:36t.c", "", [ "$bb" ] ],
    [ "btn1:1.r", "bb1:38b.h", "", [ "$bb" ] ],
    [ "btn1:2.r", "bb1:36b.h", "", [ "$bb" ] ],
    [ "mega:3", "bb1:36t.b", "green", [ "v-46.44", "h175.92", "v262.45", "h-136.43" ] ]
  ],
  "dependencies": {}
}